"Año","NOM_MUN","CVEGEO_LOC","NOMGEO_LOC","Localidad","Fuente.de.Abastecimiento","Coliformes.Totales..Ausencia.o.Presencia.100mL","E..Coli.Ausencia.o.Presencia.100mL","Arsenico.mg.L","Bario.mg.L","Cadmio..mg.L","Cobre.mg.L","Hierro..mg.L","Manganeso.mg.L","Plomo.mg.L","Zinc.mg.L","Cianuros..mg.L","Cloro.residual..mg.L","Cloruros..mg.L","Dureza.Total.mg.L","Fluoruros..mg.L","Nitratos.mg.L","Nitritos..mg.L","pH","SDT.mg.L","Sulfatos..mg.L","Cloro.Total..mg.L","Conductividad..µS.cm","Temperatura...C"
2012,"Atlapexco",NA,NA,"El Panteon","Tanque El Panteón","Presencia","Presencia","0.0","ND","ND","0.469","0.119","ND","0.0",0.003,"0.005","0.03","46.75","331.1078","0.1","0.3","0.005","7.69","194.4","2.5","0.06","560.0","27.6"
2012,"Atlapexco",NA,NA,"La Pena","Manantial La Peña","Presencia","Presencia","0.0","ND","ND","0.429","0.079","ND","0.0",0.035,"0.003","0.0","57.5","306.6636","0.1","0.9","0.0105","7.2","263.0","25.0","0.0","519.0","26.2"
2012,"Atotonilco el Grande",NA,NA,"Los Tapancos","Manantial","Presencia","Presencia","0.0","0.0","ND","0.0","0.0","0.0","0.0",0.018,"0.0","0.0","55.25","104.4434","0.1","0.0","0.0","6.5","95.1","30.0","0.0","198.7","18.9"
2012,"Calnali",NA,NA,"Barrio Nuevo","Manantial Barrio Nuevo","Presencia","Ausencia","0.0","ND","ND","0.0","0.065","ND","0.019",0.033,"0.005","0.02","53.75","99.999","0.01","3.5","0.0119","6.26","33.0","5.0","0.04","40.9","26.4"
2012,"Calnali",NA,NA,"Barrio San Juan Mezcalpa","Manantial Mezcalpa","Presencia","Presencia","0.001","ND","ND","0.491","0.018","ND","0.018",0.098,"0.005","0.06","49.5","39.9996","0.05","0.4","0.0022","6.43","19.7","0.8","0.05","40.9","23.3"
2012,"Chilcuautla","1301900300014800","El Sabino","El Sabino","Pozo El Sabino","Presencia","Ausencia","0.0","ND","ND","9.0E-4","0.0","ND","0.0",0.023,"0.0","0.04","167.5","466.662","0.38","0.9","0.0","7.84","810.0","145.0","0.05","1198.0","26.5"
2012,"El Arenal","1300900030018800","Chimilpa","Chimalpa","Pozo Bocja Chimalpa","Presencia","Ausencia","0.001","ND","ND","0.595","0.024","0.2","0.0",0.011,"0.003","0.0","411.5","444.44","0.2","0.8","0.0","7.68","85.3","310.0","0.02","1083.0","27.1"
2012,"El Arenal",NA,NA,"Colonia 20 De Mayo","Pozo Solidaridad","Presencia","Ausencia","0.0","ND","ND","0.691","0.059","0.2","0.0",0.02,"0.01","0.03","193.5","317.7746","0.0","0.5","0.0026","6.98","517.0","125.0","0.03","1021.0","26.8"
2012,"Jacala de Ledezma","1303100460042800","Puerto de la Zorra","Puerto De La Zorra","Manantial Juárez","Presencia","Presencia","0.017","ND","ND","0.761","0.025","0.075","0.0",0.045,"0.003","0.11","76.25","288.8866","0.3","2.0","0.0117","8.26","242.0","100.0","0.04","474.0","22.4"
2012,"La Misión",NA,NA,"Barrio Santa Maria","Manantial El Centro","Presencia","Presencia","0.0","ND","ND","0.469","0.011","0.025","0.001",0.08,"0.005","0.0","88.75","166.665","0.2","1.5","0.0146","7.87","239.0","37.5","0.0","465.0","23.0"
2012,"Mineral del Chico",NA,NA,"El Paraiso","Tanque","Presencia","Presencia","0.0","ND","ND","0.465","0.062","0.2","0.0",0.045,"0.008","0.08","50.75","108.8878","0.0","0.9","0.0073","7.86","54.0","0.0","0.08","106.1","15.3"
2012,"Nopala de Villagrán","1304400890021800","El Tejocote","El Tecojote","Manantial La Pila","Presencia","Ausencia","0.003","ND","ND","0.402","0.062","ND","0.01",0.04,"0.002","0.02","58.25","102.2212","0.39","2.2","0.0056","7.93","124.8","12.5","0.02","259.0","35.0"
2012,"Tianguistengo",NA,NA,"Las Cantinas","Pozo San Antonio","Presencia","Presencia","0.0","ND","ND","0.015","0.059","ND","0.002",0.033,"0.005","0.11","44.0","88.888","0.19","1.4","0.102","7.46","21.0","17.5","0.12","41.1","17.5"
2013,"Agua Blanca de Iturbide","1300400170026800","El Remudadero","El Remudadero","Pozo Santiago Tezontlaje","Presencia","Ausencia","0.0","0.0","ND","0.1","0.0","0.0","0.0",0.01,"0.005","0.0","56.6","83.11","0.0","0.0","0.003","7.07","17.9","0.0","0.0","30.7","19.5"
2013,"Calnali",NA,NA,"Texcaco","Pozo Mohai","Presencia","Ausencia","0.0","0.0","ND","0.0","0.0","0.0","0.0",0.04,"0.002","0.0","4.5","124.44","0.1","1.0","0.0033","8.07","118.0","0.0","0.0","256.0","18.7"
2013,"El Arenal","1300900020018800","El Bocja","Bocya","Manantial ""Las Granillas""","Presencia","Ausencia","0.0","0.0","ND","0.01","0.01","0.01","0.001",0.1,"0.005","0.0","80.4","45.5","1.3","1.0","0.01","7.73","936.0","80.5","0.0","1056.0","24.6"
2013,"Huautla","1302500710011800","Barrio Hondo","Barrio Hondo","Tanque de Distribución","Presencia","Presencia","0.0","0.0","ND","0.06","0.0","0.0","0.0",0.03,"0.003","0.09","6.0","108.88","0.0","4.3","0.018","7.13","113.5","4.0","0.05","110.7","16.4"
2013,"Huejutla de Reyes",NA,NA,"Tlahuatempa","Pozo Pto Bangando","Ausencia","Ausencia","0.0","0.0","ND","0.01","0.0","0.0","0.0",0.02,"0.002","0.0","45.1","236.66","0.0","0.11","0.0","7.5","206.0","80.8","0.1","419.0","28.6"
2013,"Jacala de Ledezma","1303100630042800","El Aguaje","El Aguaje","Tanque El Aguaje","Presencia","Presencia","0.0","0.0","ND","0.1","0.01","0.02","0.0",0.02,"0.001","0.01","80.0","186.51","0.0","1.0","0.0","7.45","161.1","141.5","0.01","386.0","17.0"
2013,"San Felipe Orizatlán",NA,NA,"Acuapa","Planta Potabilizadora","Ausencia","Ausencia","0.0","0.0","ND","0.89","0.0","0.0","0.0",0.09,"0.0","0.0","36.8","133.33","0.55","0.0","0.002","7.02","266.0","76.0","0.04","553.0","28.1"
2013,"Tepeapulco","1306100200022800","La Estación Ocho","La Estacion Ocho","Pozo 4","Presencia","Ausencia","0.0","0.0","ND","0.01","0.0","0.01","0.0",0.06,"0.003","0.1","3.5","133.33","0.02","0.9","0.032","7.56","157.9","7.0","0.1","328.0","24.4"
2013,"Tianguistengo",NA,NA,"San Jose Las Cruces","Tanque San José Las Cruces","Presencia","Ausencia","0.0","0.0","ND","0.182","0.0","0.0","0.182",0,"0.002","0.04","40.0","90.0","0.1","1.0","0.009","7.98","18.5","14.7","0.0","16.94","17.8"
2014,"Atotonilco el Grande","1301200780028800","La Loma del Zapote","La Loma Del Zapote","Cárcamo El Zapote","Presencia","Ausencia","0.0","0.0","ND","0.01","0.02","0.0","0.0",0.03,"0.005","0.0","2.5","124.44","0.35","1.0","0.002","7.13","74.2","6.0","0.0","72.0","17.3"
2014,"Calnali","1301400430018800","Chicuapa","Chicuapa","Noria Chiciapa","Presencia","Presencia","0.0","0.0","ND","0.01","0.02","0.0","0.0",0.02,"0.002","0.04","3.0","82.22","0.5","0.6","0.006","7.35","39.1","2.0","0.04","31.3","21.7"
2014,"Calnali","1301400290018800","Texcaco (Sagrado Corazón de Jesús)","Texcaco (Sagrado Corazon De Jesus)","Manantial Texcaco","Presencia","Presencia","0.0","0.0","ND","0.7","0.03","0.0","0.0",0.02,"0.003","0.3","1.9","126.66","0.35","0.7","0.004","7.44","122.2","2.0","0.0","117.2","21.6"
2014,"Chilcuautla","1301900300014800","El Sabino","El Sabino","Pozo El Sabino","Presencia","Ausencia","0.0","0.0","ND","0.01","0.03","0.0","0.0",0.03,"0.004","0.2","12.6","311.1","0.09","3.4","0.016","7.65","605.0","81.0","0.1","606.0","22.8"
2014,"Eloxochitlán","1302000030034800","Almoloya","Almoloya","Tanque Almoloya","Presencia","Ausencia","0.0","0.0","ND","0.66","0.02","0.0","0.0",0.02,"0.0","0.1","2.8","57.77","0.0","0.7","0.003","7.14","314.0","15.0","0.0","305.0","24.7"
2014,"Francisco I. Madero","1302300080017800","Lázaro Cárdenas (El Mexe) [Colonia]","Lazaro Cardenas (El Mexe)","Pozo El Mexe","Presencia","Ausencia","0.0","0.0","ND","0.0","0.0","0.0","0.002",0.04,"0.001","0.1","27.2","188.88","0.48","2.0","0.001","7.59","361.0","81.0","0.0","660.0","24.9"
2014,"Huautla","1302500710011800","Barrio Hondo","Barrio Hondo","Manantial Barrio Hondo","Presencia","Presencia","0.0","0.0","ND","0.51","0.1","0.0","0.0",0.02,"0.002","0.1","11.1","102.22","0.0","1.8","0.005","6.31","92.2","2.0","0.0","89.6","23.4"
2014,"Huehuetla","1302700080016800","El Bosque","Bosque","Manantial El Bosque","Presencia","Ausencia","0.0","0.0","ND","0.44","0.04","0.0","0.0",0.03,"0.006","0.08","1.5","164.44","0.18","0.6","0.004","7.09","171.8","9.0","0.06","169.9","27.1"
2014,"La Misión","1304000870022800","Los Castros","Los Castros","Manantial Los Castros","Presencia","Presencia","0.0","0.0","ND","0.02","0.02","0.1","0.004",0.02,"0.003","0.4","3.6","151.1","0.0","0.7","0.004","6.94","299.0","8.0","0.0","584.0","21.5"
2014,"Lolotla",NA,NA,"Santiago Tezontlale","Manantial Autiapa","Presencia","Ausencia","0.0","0.0","ND","0.22","0.04","0.1","0.0",0.01,"0.003","0.2","3.0","62.22","0.12","1.0","0.002","6.41","37.1","2.0","0.1","77.8","29.2"
2014,"Metepec","1303500150018800","Peña Colorada","Pena Colorada","Pozo Peña Colorada","Presencia","Ausencia","0.023","0.03","ND","0.0","0.04","0.1","0.0",0.03,"0.004","0.08","1.5","77.77","0.0","0.6","0.003","7.13","139.9","45.0","0.04","143.0","30.6"
2014,"Mineral del Chico",NA,NA,"Plan Grande","Túnel Neptón","Presencia","Ausencia","0.0","0.0","ND","0.02","0.07","0.1","0.0",0.13,"0.002","0.09","2.5","233.33","0.88","0.7","0.001","7.66","580.0","120.0","0.0","634.0","23.6"
2014,"Mineral del Monte","1303900350017800","Llano Grande","Llano Grande","Manantial Llano Grande","Presencia","Ausencia","0.0","0.0","ND","0.62","0.01","0.1","0.0",0.06,"0.003","0.0","3.0","144.44","0.11","0.8","0.004","7.99","65.7","8.0","0.0","137.9","21.0"
2014,"Mixquiahuala de Juárez","130410034002A800","Cinta Larga Sección 22","Cinta Larga Seccion 22","Pozo Pemex 5","Presencia","Ausencia","0.0","0.0","ND","0.0","0.0","0.0","0.001",0.07,"0.002","0.2","78.3","206.66","1.29","1.8","0.001","7.25","745.0","109.0","0.1","994.0","21.0"
2014,"Nicolás Flores","1304300090043800","El Dothu","El Dathu","Manantial La Barranca del Pájaro","Presencia","Ausencia","0.0","0.1","ND","0.21","0.01","0.1","0.0",0.25,"0.005","0.1","3.8","235.55","0.0","0.5","0.006","7.94","200.0","7.0","0.0","193.33","16.7"
2014,"Nopala de Villagrán","1304400890021800","El Tejocote","El Tejocote","Pozo de Tejocote","Presencia","Ausencia","0.0","0.0","ND","0.3","0.03","0.0","0.0",0.04,"0.002","0.02","60.0","103.33","0.5","1.9","0.005","7.99","126.0","13.0","0.06","254.0","24.7"
2014,"Progreso de Obregón",NA,NA,"Col. Tenhe (Mixquiahuala)","Cárcamo Teñhe","Ausencia","Presencia","0.01","0.0","ND","0.01","0.0","0.1","0.001",0.08,"0.007","2.2","129.1","135.55","0.59","2.4","0.002","6.98","123.5","120.0","2.8","887.0","21.3"
2014,"San Agustín Metzquititlán",NA,NA,"Ixcuinquilapilco","Pozo Temoaya","Presencia","Presencia","0.0","0.0","ND","0.2","0.06","0.0","0.0",0.06,"0.004","0.1","101.0","136.66","0.8","1.3","0.002","7.69","241.0","18.0","0.07","550.0","29.3"
2014,"San Agustín Metzquititlán",NA,NA,"San Juan Solis","Pozo La Vega","Presencia","Presencia","0.0","0.0","ND","0.2","0.01","0.0","0.0",0.03,"0.002","0.0","76.4","167.77","0.8","1.7","0.003","7.66","236.0","15.0","0.0","684.0","21.0"
2014,"Santiago Tulantepec de Lugo Guerrero",NA,NA,"Potrerillos","Río","Presencia","Presencia","0.028","0.7","ND","0.0","0.383","1.3","0.012",0.032,"0.0","0.03","5.25","222.22","0.11","1.4","0.006","7.61","11.2","48.9","0.02","244.0","18.5"
2014,"Tasquillo","1305800450031800","Frente al Vivero","Frente Al Vivero","Pozo El Vivero","Presencia","Ausencia","0.0","0.0","ND","0.5","0.0","0.0","0.0",0.02,"0.0","0.1","156.0","365.55","0.4","0.1","0.0","7.42","536.0","165.0","0.0","1000.0","21.7"
2015,"Actopan","1300300020014800","Benito Juárez","Benito Juarez","Pozo San Isidro","Presencia","Ausencia","0.0","0.0","ND","0.57","0.04","0.0","0.0",0.03,"0.002","0.0","27.6","421.22","0.0","3.4","0.003","7.17","951.0","119.0","0.0","1897.0","24.8"
2015,"Agua Blanca de Iturbide","1300400090026800","La Laguna","La Laguna","Manantial La Laguna","Presencia","Ausencia","0.0","0.0","ND","0.89","0.0","0.0","0.0",0.05,"0.0","0.0","1.2","95.55","0.0","0.5","0.004","7.03","136.7","0.0","0.0","200.3","20.3"
2015,"Chapulhuacán","1301800690021800","El Aguacate","El Aguacate","Manantial Aguacatillo 1","Presencia","Ausencia","0.0","0.0","ND","0.62","0.03","0.1","0.0",0.05,"0.001","0.02","3.1","122.23","0.34","0.7","0.016","7.4","173.0","5.0","0.03","341.23","22.8"
2015,"Eloxochitlán",NA,NA,"Almolaya","Manantial El Cedral","Presencia","Ausencia","0.0","0.0","ND","0.78","0.01","0.0","0.0",0.04,"0.004","0.01","1.7","133.34","0.0","0.4","0.008","7.6","65.5","10.0","0.02","234.14","20.9"
2015,"Francisco I. Madero",NA,NA,"El Quince","Pozo El Mexe","Presencia","Ausencia","0.0","0.0","ND","0.0","0.0","0.0","0.001",0.02,"0.0","0.1","25.2","177.11","0.39","1.5","0.0","7.31","662.0","78.0","0.2","1338.0","23.5"
2015,"Jacala de Ledezma","1303100630042800","El Aguaje","El Aguaje","Tanque El Aguaje","Presencia","Presencia","0.0","0.0","ND","0.1","0.01","0.02","0.0",0.02,"0.001","0.01","80.0","186.51","0.0","1.0","0.0","7.45","161.1","141.5","0.01","386.0","17.0"
2015,"Yahualica","1308000080028800","Hueyactétl","Huetacetl","Tanque de Distribución","Presencia","Presencia","0.0","0.0","ND","0.0","0.0","0.0","0.0",0.1,"0.001","0.1","36.0","201.11","0.0","0.1","0.002","8.2","306.9","3.1","0.1","455.0","30.8"
2016,"Actopan",NA,NA,"Agua Blanca De Iturbide","Manantial Ojo de Agua","Presencia","Presencia","0.0","0.0","ND","0.7","0.07","0.0","0.0",0.03,"0.004","0.0","47.6","78.87","0.0","0.0","0.007","7.9","80.4","0.0","0.01","27.0","20.3"
2016,"Actopan",NA,NA,"Agua Blanca De Iturbide","Manantial La Tarjea","Presencia","Presencia","0.0","0.0","ND","0.07","0.06","0.0","0.0",0.02,"0.005","0.0","11.7","66.66","0.0","0.0","0.003","8.45","90.7","10.9","0.01","27.1","20.9"
2016,"Actopan","1300300020014800","Benito Juárez","Benito Juarez","Pozo San Isidro","Presencia","Ausencia","0.0","0.0","ND","0.59","0.05","0.0","0.0",0.05,"0.001","0.0","28.4","422.22","0.0","3.9","0.005","7.04","953.0","122.0","0.0","269.0","24.9"
2016,"Agua Blanca de Iturbide",NA,NA,"Ajacuba","Pozo Ajacuba","Presencia","Ausencia","0.0","0.0","ND","0.04","0.0","0.0","0.0",0.1,"0.001","0.0","64.6","311.1","0.3","1.5","0.003","7.26","471.0","81.0","0.0","960.0","25.3"
2016,"Agua Blanca de Iturbide",NA,NA,"Vicente Guerrero","Pozo El Mezquite","Presencia","Ausencia","0.0","0.0","ND","0.0","0.01","0.0","0.0",0.08,"0.0","0.0","52.1","348.88","0.11","0.5","0.005","7.29","563.0","86.0","0.0","1142.0","22.2"
2016,"Ajacuba",NA,NA,"La Huapilla","Pozo Huapilla","Presencia","Ausencia","0.0","0.0","ND","0.03","0.03","0.0","0.0",0.06,"0.005","0.03","105.8","399.99","0.47","5.6","0.005","7.9","836.0","86.0","0.1","1015.0","26.8"
2016,"Ajacuba",NA,NA,"San Francisco Sacachichilco","Pozo San Francisco","Presencia","Ausencia","0.0","0.0","ND","0.0","0.0","0.0","0.0",0.07,"0.001","0.15","30.6","226.66","0.63","0.8","0.0","7.68","300.0","33.0","0.0","1145.0","21.7"
2016,"Alfajayucan",NA,NA,"Almolaya","Manantial La Alberca","Presencia","Ausencia","0.0","0.0","ND","0.38","0.0","0.0","0.0",0.08,"0.0","0.0","7.5","168.88","0.0","2.1","0.013","7.4","139.1","8.0","0.01","288.0","20.7"
2016,"Alfajayucan",NA,NA,"Almolaya","Pozo Cobaeh","Presencia","Ausencia","0.0","0.0","ND","1.22","0.01","0.0","0.0",0.09,"0.001","0.1","14.9","182.22","0.008","1.7","0.007","7.7","146.5","6.0","0.2","282.0","20.7"
2016,"Almoloya",NA,NA,"Apan","Pozo Espejel","Presencia","Ausencia","0.0","0.0","ND","0.13","0.0","0.0","0.0",0.12,"0.001","0.0","10.3","213.33","0.37","3.3","0.013","7.1","221.0","11.0","0.01","274.0","22.1"
2016,"Almoloya",NA,NA,"Apan","Pozo No. 2","Presencia","Ausencia","0.0","0.0","ND","0.03","0.0","0.0","0.0",0.09,"0.002","0.01","12.8","177.77","0.0","3.1","0.008","7.85","196.6","10.0","0.2","407.0","23.0"
2016,"Apan",NA,NA,"Atlapexco","Río Atlapexco","Presencia","Presencia","0.0","0.0","ND","0.223","0.01","0.0","0.0",0,"0.001","0.01","46.61","288.88","0.3","0.39","0.037","7.59","168.1","34.2","0.02","258.0","38.1"
2016,"Apan",NA,NA,"Tecolotitla","Manantial Tecolotitla","Presencia","Ausencia","0.0","0.0","ND","0.2","0.004","0.0","0.0",0,"0.001","0.0","45.2","272.21","0.3","0.17","0.002","8.25","176.3","6.0","0.01","263.0","33.7"
2016,"Atlapexco",NA,NA,"Agua Limpia","Manantial Ojo de Agua","Presencia","Presencia","0.0","0.0","ND","0.12","0.0","0.0","0.0",0.01,"0.0","0.1","3.6","182.22","0.22","0.2","0.0","6.07","216.0","55.0","0.0","137.5","18.0"
2016,"Atlapexco",NA,NA,"Calnali","Río Calnali","Presencia","Presencia","0.0","0.0","ND","0.1","0.0","0.0","0.0",0.03,"0.001","0.0","33.0","92.2","0.12","0.11","0.0","7.35","116.2","0.0","0.01","503.0","26.2"
2016,"Atlapexco",NA,NA,"Santa Maria Amajac","Manantial Amajac","Presencia","Presencia","0.0","0.0","ND","0.43","0.0","0.0","0.0",0.02,"0.001","0.1","5.2","253.33","0.65","0.4","0.001","7.49","288.0","95.0","0.1","856.0","27.4"
2016,"Atotonilco el Grande",NA,NA,"Pezmatlan","Manantial Chicuapa","Presencia","Presencia","0.0","0.0","ND","0.03","0.02","0.0","0.0",0.01,"0.002","0.0","4.5","85.2","0.52","0.9","0.004","7.41","49.5","4.2","0.01","65.7","24.3"
2016,"Atotonilco el Grande",NA,NA,"Pozuelos","Pozo Pozuelos","Presencia","Ausencia","0.0","0.0","ND","0.01","0.0","0.0","0.0",0.03,"0.002","0.0","26.7","326.66","0.4","0.9","0.001","7.53","146.7","40.0","0.0","532.0","28.1"
2016,"Calnali",NA,NA,"San Antonio Sabanillas","Pozo Mohai","Presencia","Ausencia","0.0","0.0","ND","0.3","0.04","0.0","0.0",0.3,"0.005","0.1","20.6","186.82","0.6","1.1","0.01","7.9","137.0","60.7","0.1","311.0","29.6"
2016,"Calnali",NA,NA,"Santa Maria Amealco","Manantial La Pila","Presencia","Presencia","0.0","0.0","ND","0.17","0.0","0.0","0.0",0.07,"0.0","0.07","9.6","199.99","0.88","3.2","0.0","7.83","216.0","19.0","0.02","447.0","23.5"
2016,"Cardonal",NA,NA,"Chapantongo","Pozo El Deca","Presencia","Ausencia","0.0","0.0","ND","0.7","0.0","0.0","0.0",0.06,"0.0","0.06","2.8","111.11","0.38","1.6","0.0","8.0","125.0","0.0","0.07","494.0","30.8"
2016,"Cardonal",NA,NA,"Iglesia Vieja (Iglesia Nueva)","Manantial Poza Azul","Presencia","Presencia","0.0","0.0","ND","0.11","0.09","0.8","0.0",0.08,"0.077","0.0","66.4","368.88","2.06","9.0","0.576","7.73","740.0","50.0","0.0","1360.0","27.0"
2016,"Chapantongo","1301700090024800","La Estancia","La Estancia","Pozo La Estancia","Presencia","Ausencia","0.0","0.0","ND","0.16","0.11","0.0","0.0",0.09,"0.0","0.0","116.9","211.1","0.37","3.9","0.005","7.36","724.0","106.0","0.0","1459.0","25.4"
2016,"Chapantongo",NA,NA,"Neblinas","Manantial Neblinas","Presencia","Presencia","0.0","0.0","ND","0.0","0.0","0.0","0.0",0.05,"0.0","0.0","5.4","257.77","0.2","1.8","0.005","7.58","206.0","5.0","0.0","390.0","25.6"
2016,"Chapulhuacán","1301800330021800","El Sabino","El Sabino","Pozo El Sabino","Presencia","Ausencia","0.0","0.0","ND","0.47","0.03","0.0","0.0",0.11,"0.008","0.02","110.3","386.66","0.09","1.2","0.004","7.38","602.0","85.0","0.01","1220.0","25.2"
2016,"Chapulhuacán",NA,NA,"Xayahualulco","Pozo Xayahualulco","Presencia","Ausencia","0.0","0.0","ND","0.03","0.79","0.1","0.0",0.04,"0.008","0.07","6.9","77.77","0.09","6.5","0.013","7.47","118.3","24.0","0.23","128.3","20.3"
2016,"Chilcuautla",NA,NA,"San Juan Hueyapan","Pozo Las Peñitas","Presencia","Ausencia","0.0","0.0","ND","1.15","0.0","0.0","0.0",0.02,"0.0","0.0","6.6","106.66","0.4","0.9","0.002","7.24","88.2","0.0","0.0","177.5","26.4"
2016,"Chilcuautla",NA,NA,"Xayahualulco","Tanque de Almacenamiento","Presencia","Ausencia","0.0","0.0","ND","0.2","0.87","0.4","0.0",0.16,"0.007","0.13","6.3","66.66","0.06","4.9","0.017","6.66","132.0","32.0","0.3","146.1","22.2"
2016,"Cuautepec de Hinojosa",NA,NA,"El Bocja","Pozo Bocja","Presencia","Ausencia","0.0","0.0","ND","0.09","0.02","0.0","0.0",0.06,"0.001","0.23","130.9","333.33","0.72","2.3","0.005","7.45","389.0","117.0","0.31","2003.0","26.9"
2016,"Cuautepec de Hinojosa",NA,NA,"San Jeronimo","Captación El Llano","Presencia","Ausencia","0.0","0.0","ND","1.4","0.04","0.0","0.0",0.09,"0.0","0.04","2.5","104.44","0.54","0.6","0.004","7.09","1053.0","2.0","0.03","79.7","15.9"
2016,"Cuautepec de Hinojosa",NA,NA,"San Pedro Gilo (Gilo)","Manantial El Rejalgar","Presencia","Presencia","0.0","0.0","ND","0.47","0.0","0.0","0.0",0.15,"0.0","0.01","3.3","182.22","0.17","0.7","0.001","7.28","156.2","1.0","0.02","277.0","21.2"
2016,"El Arenal",NA,NA,"Eloxochitlan","Manantial Acatitlán","Presencia","Presencia","0.0","0.0","ND","0.66","0.0","0.0","0.0",0.07,"0.008","0.0","24.6","377.77","0.24","5.2","0.006","6.88","446.0","39.0","0.0","277.0","22.2"
2016,"El Arenal",NA,NA,"Tepatepec","Pozo Profundo ""El Mexe""","Presencia","Ausencia","0.0","0.0","ND","0.0","0.0","0.0","0.001",0.06,"0.0","0.0","27.2","182.22","0.4","1.9","0.0","7.27","672.0","80.0","0.0","675.0","25.4"
2016,"Eloxochitlán",NA,NA,"La Loma","Manantial Las Jarillas","Presencia","Ausencia","0.0","0.0","ND","0.0","0.04","0.0","0.0",0.03,"0.001","0.1","43.2","84.44","0.0","0.7","0.06","6.67","33.6","0.0","0.2","73.6","21.7"
2016,"Eloxochitlán",NA,NA,"San Miguel Regla","Manantial San Miguel","Presencia","Ausencia","0.0","0.0","ND","0.23","0.0","0.0","0.0",0.06,"0.001","0.1","4.3","202.22","0.42","0.3","0.007","6.84","197.0","1.6","0.1","46.2","18.5"
2016,"Francisco I. Madero",NA,NA,"Los Cerezos","Cárcamo de Bombeo","Presencia","Ausencia","0.0","0.0","ND","0.13","0.02","0.0","0.0",0.01,"0.001","0.19","14.4","243.43","0.21","0.9","0.003","6.75","261.0","22.0","0.0","592.0","27.0"
2016,"Huasca de Ocampo",NA,NA,"Huazalingo","Manantial Xolotzingo","Presencia","Ausencia","0.0","0.0","ND","0.1","0.0","0.0","0.0",0.24,"0.002","0.0","55.55","211.11","0.1","1.5","0.06","6.64","38.9","22.2","0.0","27.6","23.2"
2016,"Huasca de Ocampo",NA,NA,"Tamoyon I","Tanque de Almacenamiento Tamoyon I","Presencia","Ausencia","0.0","0.0","ND","0.2","0.0","0.0","0.0",0.02,"0.001","0.13","33.3","263.3","0.4","0.4","0.0","6.71","253.3","34.2","0.46","544.0","28.2"
2016,"Huautla",NA,NA,"Huazalingo","Manantial La Cruz","Presencia","Ausencia","0.0","0.0","ND","0.42","0.0","0.0","0.0",0,"0.001","0.0","3.6","24.24","0.14","0.1","0.011","7.05","16.7","0.0","0.0","27.8","23.0"
2016,"Huautla",NA,NA,"Huehuetla","Tanque de Almacenamiento","Presencia","Ausencia","0.0","0.0","ND","0.1","0.0","0.0","0.0",0.2,"0.002","0.01","45.6","137.76","0.0","0.1","0.01","7.34","261.1","0.0","0.02","883.0","24.7"
2016,"Huazalingo",NA,NA,"Huehuetla","Manantial El Potrero","Presencia","Presencia","0.0","0.0","ND","0.01","0.0","0.0","0.0",0.1,"0.001","0.0","6.4","124.44","0.0","0.1","0.002","7.41","341.12","7.5","0.01","872.0","25.0"
2016,"Huazalingo",NA,NA,"Huejutla De Reyes","Pozo Fracc. Santa Elena","Presencia","Ausencia","0.0","0.0","ND","0.05","0.01","0.0","0.0",0.11,"0.004","0.0","18.4","336.36","0.19","0.1","0.003","7.25","154.4","32.0","0.04","346.0","24.6"
2016,"Huehuetla",NA,NA,"Minas Viejas","Manantial Encarnación","Presencia","Presencia","0.0","0.0","ND","0.0","0.0","0.0","0.0",0.53,"0.001","0.0","5.3","184.44","0.0","1.0","0.003","8.14","176.9","2.0","0.0","584.0","21.6"
2016,"Huehuetla",NA,NA,"Teacala","Cárcamo de Bombeo","Presencia","Ausencia","0.0","0.0","ND","0.04","0.0","0.0","0.0",0.08,"0.001","0.0","27.2","255.55","0.14","0.3","0.004","7.14","165.5","33.0","0.04","649.0","26.4"
2016,"Huejutla de Reyes",NA,NA,"Agua Fria Grande","Manantial El Molino","Presencia","Ausencia","0.0","0.0","ND","0.0","0.0","0.0","0.0",0.09,"0.0","0.0","5.3","357.77","0.13","1.4","0.004","7.53","302.0","4.0","0.0","468.0","26.0"
2016,"Huejutla de Reyes",NA,NA,"Jaltocan","Cárcamo La Capilla","Presencia","Ausencia","0.0","0.0","ND","0.04","0.04","0.0","0.0",0,"0.022","0.0","14.5","372.22","0.53","0.12","0.003","6.97","121.0","59.0","0.0","278.0","25.1"
2016,"Jacala de Ledezma",NA,NA,"Juarez","Manantial Los Tubos","Presencia","Presencia","0.0","0.0","ND","0.56","0.0","0.0","0.0",0.07,"0.0","0.0","6.5","133.33","0.17","1.0","0.0","7.12","106.0","6.0","0.01","27.8","20.1"
2016,"Jacala de Ledezma",NA,NA,"Revolucion Mexicana","Cárcamo Revolución Mexicana","Presencia","Ausencia","0.0","0.0","ND","0.76","0.0","0.0","0.0",0.03,"0.001","0.0","10.5","166.66","0.13","1.6","0.004","7.09","176.66","13.2","0.0","247.0","30.4"
2016,"Jaltocán",NA,NA,"Juarez","Manantial La Campana","Presencia","Presencia","0.0","0.0","ND","0.18","0.0","0.0","0.0",0.08,"0.0","0.01","4.7","199.99","0.1","1.0","0.001","6.97","184.7","3.0","0.02","27.8","20.4"
2016,"Jaltocán",NA,NA,"Puerto La Piedra","Manantial Río Amajac","Presencia","Presencia","0.0","0.0","ND","0.0","0.0","0.0","0.0",1.3,"0.001","0.0","17.4","162.22","0.4","1.0","0.004","8.04","125.5","82.0","0.0","553.0","18.5"
2016,"Juárez Hidalgo",NA,NA,"La Mision","Tanque de La Bomba","Presencia","Ausencia","0.0","0.0","ND","0.01","0.0","0.0","0.0",0.79,"0.001","0.0","6.2","186.66","0.0","1.5","0.006","7.63","153.6","4.0","0.0","316.0","23.9"
2016,"Juárez Hidalgo",NA,NA,"Lolotla","Manantial Hueyotipa","Presencia","Presencia","0.0","0.0","ND","0.26","0.0","0.0","0.0",0,"0.004","0.0","3.5","66.66","0.09","1.1","0.003","7.12","34.3","2.7","0.01","120.0","27.1"
2016,"La Misión",NA,NA,"Metepec","Manantial La Bomba","Presencia","Ausencia","0.0","0.0","ND","0.7","0.01","0.0","0.0",0.9,"0.002","0.0","9.1","233.32","0.3","1.0","0.004","7.99","126.7","10.0","0.01","556.0","23.6"
2016,"La Misión",NA,NA,"Tetlapaya","Manantial","Presencia","Presencia","0.0","0.0","ND","0.19","0.02","0.0","0.0",0.01,"0.001","0.01","3.3","54.44","0.1","1.0","0.003","6.84","38.3","2.9","0.02","72.0","21.0"
2016,"Lolotla",NA,NA,"Itztazacuala","Manantial","Presencia","Presencia","0.01","0.0","ND","0.28","0.13","0.11","0.005",0.51,"0.05","0.01","6.7","445.55","0.45","1.4","0.7","7.4","857.0","82.0","0.02","278.0","25.2"
2016,"Lolotla",NA,NA,"Metepec","Manantial Las Tortugas","Presencia","Presencia","0.0","0.0","ND","0.2","0.0","0.0","0.0",0.04,"0.005","0.01","60.9","113.33","0.9","0.3","0.004","8.0","242.2","14.7","0.02","350.0","24.0"
2016,"Metepec",NA,NA,"Carboneras","Tanque de Distribución","Presencia","Ausencia","0.0","0.0","ND","0.4","0.07","0.0","0.0",0.11,"0.002","0.1","63.1","133.33","0.0","0.1","0.006","7.31","79.5","0.0","0.1","71.3","14.0"
2016,"Metepec",NA,NA,"Tecruz Copaza","Pozo Tecruz Copaza","Presencia","Presencia","0.0","0.0","ND","0.13","0.0","0.12","0.0",1.1,"0.03","0.0","28.1","436.99","1.03","8.6","0.216","7.49","993.0","78.0","0.01","276.0","23.2"
2016,"Metztitlán",NA,NA,"Colonia Tenhe","Pozo Teñhe","Presencia","Ausencia","0.01","0.0","ND","0.04","0.05","0.0","0.001",0.05,"0.004","0.0","46.7","212.12","0.17","0.11","0.007","7.11","593.0","112.0","0.01","1202.0","28.3"
2016,"Metztitlán",NA,NA,"Mineral Del Chico","Tanque Los Laureles","Presencia","Ausencia","0.0","0.0","ND","0.0","0.02","0.0","0.0",0.06,"0.001","0.1","42.2","111.11","0.0","0.8","0.005","7.02","66.4","0.0","0.1","37.0","14.9"
2016,"Mineral del Chico",NA,NA,"Colonia Tenhe","Acueducto de Caasvam","Presencia","Ausencia","0.01","0.0","ND","0.0","0.0","0.0","0.0",0.06,"0.001","0.0","56.6","225.25","0.2","0.15","0.0","6.76","895.0","125.0","0.0","1790.0","20.1"
2016,"Mineral del Chico",NA,NA,"El Durazno","Pozo El Durazno","Presencia","Ausencia","0.0","0.0","ND","0.35","0.01","0.0","0.0",0.06,"0.001","0.0","72.4","236.36","0.6","1.0","0.002","7.12","859.0","101.0","0.0","1721.0","25.3"
2016,"Mixquiahuala de Juárez",NA,NA,"Molango","Pozo Acomulco","Presencia","Ausencia","0.0","0.0","ND","1.1","0.01","0.0","0.0",0.05,"0.003","0.0","2.1","117.77","0.5","0.3","0.001","6.7","117.8","4.0","0.0","276.0","23.4"
2016,"Mixquiahuala de Juárez",NA,NA,"Molango","Manantial Agua Fría","Presencia","Presencia","0.0","0.0","ND","0.6","0.0","0.0","0.0",0.04,"0.002","0.0","1.2","153.32","0.2","0.3","0.001","7.3","175.5","7.1","0.0","278.0","22.4"
2016,"Mixquiahuala de Juárez",NA,NA,"Molango","Piletas","Presencia","Presencia","0.0","0.0","ND","0.02","0.02","0.0","0.0",0.11,"0.0","0.04","2.7","213.33","0.0","1.0","0.004","8.01","82.3","24.0","0.0","225.0","22.1"
2016,"Molango de Escamilla",NA,NA,"El Dothu","Tanque El Dothu","Presencia","Ausencia","0.0","0.0","ND","0.4","0.04","0.0","0.0",0.05,"0.003","0.0","4.9","130.02","0.2","0.6","0.004","8.2","111.6","10.3","0.0","276.0","20.5"
2016,"Molango de Escamilla",NA,NA,"Maravillas","Pozo 125","Presencia","Ausencia","0.0","0.0","ND","0.31","0.0","0.0","0.0",0.06,"0.0","0.0","3.1","95.55","0.67","0.0","0.0","8.05","106.6","0.0","0.0","424.0","30.3"
2016,"Molango de Escamilla",NA,NA,"Santa Cruz","Manantial Santa Cruz (El Zarco)","Presencia","Ausencia","0.0","0.2","ND","0.3","0.02","0.0","0.0",0.3,"0.006","0.1","6.9","136.61","0.3","0.3","0.002","8.11","236.7","8.1","0.2","259.0","24.8"
2016,"Nicolás Flores",NA,NA,"Loma Del Progreso","Pozo El Zauz","Presencia","Ausencia","0.0","0.0","ND","0.0","0.0","0.0","0.0",0.06,"0.0","0.06","2.5","113.33","0.33","0.0","0.0","8.02","112.3","0.0","0.01","445.0","21.9"
2016,"Nicolás Flores",NA,NA,"Omitlan De Juarez","Pozo El Sauz","Presencia","Ausencia","0.0","0.0","ND","0.0","0.0","0.0","0.0",0.05,"0.0","0.05","18.6","226.66","0.62","1.0","0.0","8.01","246.0","81.0","0.04","888.0","17.4"
2016,"Nopala de Villagrán",NA,NA,"Mizquiapan","Manantial Mixquiapan","Presencia","Ausencia","0.0","0.0","ND","0.0","0.0","0.0","0.0",0.08,"0.0","0.01","1.4","55.55","0.3","0.0","0.0","8.4","11.4","0.0","0.0","41.2","16.4"
2016,"Nopala de Villagrán",NA,NA,"Pacula","Cárcamo Santo Niño","Presencia","Presencia","0.01","0.0","ND","0.3","0.0","0.0","0.0",0.4,"0.003","0.1","60.2","97.77","0.0","1.0","0.01","8.02","174.0","69.1","0.1","458.0","29.1"
2016,"Omitlán de Juárez",NA,NA,"Canoas","Cárcamo de Bombeo","Presencia","Presencia","0.01","0.0","ND","0.1","0.0","0.0","0.0",0.2,"0.002","0.1","50.9","110.11","0.0","0.5","0.0","6.98","198.0","70.8","0.1","455.0","22.7"
2016,"Omitlán de Juárez",NA,NA,"Pisaflores","Manantial El Salto","Presencia","Presencia","0.0","0.0","ND","0.0","0.0","0.0","0.0",0.09,"0.0","0.0","7.6","211.1","0.23","1.1","0.004","7.76","169.4","7.0","0.0","343.0","28.4"
2016,"Pacula",NA,NA,"Metzquititlan","Manantial Matamoros","Presencia","Ausencia","0.0","0.0","ND","0.51","0.0","0.0","0.0",0.01,"0.002","0.0","3.4","22.22","0.0","0.2","0.001","6.5","224.0","15.0","0.0","278.0","23.4"
2016,"Pacula",NA,NA,"Pisaflores","Manantial El Sabino","Presencia","Presencia","0.0","0.0","ND","0.0","0.0","0.0","0.0",0.41,"0.006","0.0","4.3","302.21","0.52","0.8","0.006","7.4","299.0","80.0","0.0","592.0","32.0"
2016,"Pisaflores",NA,NA,"Cieneguillas","Manantial Único","Presencia","Ausencia","0.0","0.0","ND","0.01","0.0","0.0","0.0",0.01,"0.001","0.0","6.8","112.21","0.0","0.1","0.0","6.55","236.0","8.0","0.0","278.0","24.6"
2016,"Pisaflores",NA,NA,"San Bartolo Tutotepec","Manantial Los Reyes","Presencia","Ausencia","0.0","0.0","ND","0.1","0.0","0.0","0.0",0.03,"0.004","0.01","6.1","188.82","0.07","0.3","0.002","7.5","200.01","9.4","0.02","336.0","23.0"
2016,"San Agustín Metzquititlán",NA,NA,"Orizatlan","Tanque de Almacenamiento","Presencia","Presencia","0.0","0.0","ND","0.05","0.01","0.0","0.0",0.03,"0.001","0.0","7.2","224.24","0.0","0.7","0.01","7.6","153.33","4.5","0.0","27.6","27.8"
2016,"San Agustín Metzquititlán",NA,NA,"San Bartolo Tutotepec","Tanque Cabecera Municipal","Presencia","Ausencia","0.0","0.0","ND","0.2","0.0","0.0","0.0",0,"0.002","0.0","3.7","219.98","0.02","0.3","0.003","7.65","74.6","8.1","0.01","257.0","23.5"
2016,"San Bartolo Tutotepec",NA,NA,"Orizatlan","Tanque 3 de Marzo","Presencia","Presencia","0.0","0.0","ND","0.2","0.01","0.0","0.0",0,"0.001","0.0","32.4","189.99","0.2","2.1","0.008","7.72","139.0","15.7","0.0","278.0","29.5"
2016,"San Bartolo Tutotepec",NA,NA,"San Salvador","Pozo Palacios (Después de la Cloración)","Ausencia","Ausencia","0.0","0.0","ND","0.05","0.04","0.0","0.0",0.03,"0.002","1.6","163.6","413.32","0.72","6.2","0.003","7.6","736.0","98.0","1.2","1507.0","22.4"
2016,"San Felipe Orizatlán",NA,NA,"Pacheco De Allende","Pozo Pacheco","Presencia","Ausencia","0.0","0.0","ND","0.01","0.0","0.0","0.0",0.12,"0.002","0.19","60.3","399.99","1.24","3.5","0.005","7.17","721.0","97.0","0.03","1548.0","28.6"
2016,"San Felipe Orizatlán",NA,NA,"San Salvador","Pozo San Salvador","Presencia","Ausencia","0.0","0.0","ND","0.02","0.05","0.0","0.0",0.13,"0.003","0.24","137.6","355.55","0.49","4.7","0.006","7.35","755.0","92.0","0.06","1428.0","24.6"
2016,"San Salvador",NA,NA,"Ventoquipa","Manantial Ventoquipa","Presencia","Ausencia","0.0","0.0","ND","0.82","0.0","0.0","0.0",1.02,"0.001","0.0","6.9","126.66","0.58","2.4","0.01","7.55","92.3","3.0","0.0","175.7","23.0"
2016,"San Salvador",NA,NA,"Yolotepec","Pozo YoloTepec","Presencia","Ausencia","0.0","0.0","ND","0.22","0.02","0.0","0.0",0.23,"0.0","0.07","78.5","388.88","1.36","3.4","0.004","7.36","720.0","101.0","0.04","1431.0","25.7"
2016,"Santiago Tulantepec de Lugo Guerrero",NA,NA,"La Viejita","Escurrideros","Presencia","Presencia","0.0","0.0","ND","0.0","0.0","0.0","0.0",0.03,"0.003","0.06","17.4","139.99","0.7","0.01","0.002","8.29","96.0","37.0","0.05","234.0","22.1"
2016,"Santiago Tulantepec de Lugo Guerrero",NA,NA,"Tasquillo","Pozo San Isidro","Presencia","Presencia","0.0","0.0","ND","0.0","0.0","0.0","0.0",0.04,"0.0","0.05","88.1","291.1","0.52","1.5","0.0","7.5","560.0","103.0","0.0","1064.0","25.8"
2016,"Santiago de Anaya",NA,NA,"La Joya (Fraccionamiento)","Pozo La Joya","Presencia","Ausencia","0.0","0.0","ND","0.18","0.0","0.0","0.0",0.04,"0.003","0.0","5.0","126.66","0.4","1.2","0.007","7.57","97.8","1.0","0.0","188.7","20.0"
2016,"Santiago de Anaya",NA,NA,"Portezuelo","Pozo El Durazno","Presencia","Presencia","0.0","0.0","ND","0.0","0.01","0.0","0.0",0.05,"0.0","0.0","41.5","288.88","0.48","0.7","0.0","8.3","367.0","55.0","0.0","753.0","29.4"
2016,"Tasquillo",NA,NA,"Tenango De Doria","Tanque 1","Presencia","Presencia","0.0","0.0","ND","0.0","0.0","0.0","0.0",0.01,"0.002","0.04","86.4","175.55","0.7","0.0","0.001","8.29","111.31","40.3","0.06","265.0","19.9"
2016,"Tasquillo",NA,NA,"Tenango De Doria","Tanque 2","Presencia","Presencia","0.0","0.0","ND","0.0","0.0","0.0","0.0",0.02,"0.002","0.07","87.1","159.99","0.6","0.0","0.002","6.02","100.3","40.8","0.04","242.0","21.6"
2016,"Tenango de Doria",NA,NA,"Acatlajapa","Manantial AlmoLo","Presencia","Presencia","0.0","0.0","ND","0.1","0.0","0.0","0.0",0.1,"0.001","0.1","56.2","124.24","0.29","0.4","0.0037","7.55","295.0","27.0","0.1","736.0","24.4"
2016,"Tenango de Doria",NA,NA,"Amola De Ocampo","Tanque Barrio de San Juan","Presencia","Presencia","0.0","0.0","ND","0.9","0.0","0.0","0.0",0,"0.003","0.2","66.1","205.55","0.39","0.11","0.0058","7.2","131.0","29.0","0.1","230.0","25.7"
2016,"Tenango de Doria",NA,NA,"La Cuarta Manzana","Pozo 4ta. Manzana","Presencia","Ausencia","0.0","0.0","ND","0.05","0.0","0.0","0.0",0.08,"0.002","0.1","107.8","422.21","0.53","5.9","0.007","7.41","663.0","95.0","0.0","951.0","24.0"
2016,"Tepehuacán de Guerrero",NA,NA,"La Ermita","Pozo Torreón","Presencia","Ausencia","0.0","0.0","ND","0.16","0.02","0.15","0.0",0.07,"0.003","0.1","73.4","384.44","0.47","3.2","0.022","7.66","458.0","50.0","0.0","674.0","23.4"
2016,"Tepehuacán de Guerrero",NA,NA,"Manantiales De Cerro Colorado","Manantial Cerro Colorado","Presencia","Ausencia","0.0","0.0","ND","0.06","0.0","0.0","0.001",0.09,"0.001","0.0","37.2","233.33","0.2","1.7","0.006","7.12","914.0","88.0","0.0","277.0","25.3"
2016,"Tepetitlán",NA,NA,"Tianguistengo","Manantial Tepexapan","Presencia","Presencia","0.0","0.0","ND","0.1","0.0","0.0","0.0",0.02,"0.001","0.0","6.4","122.22","0.2","0.3","0.002","6.6","80.8","3.8","0.0","278.0","24.8"
2016,"Tepetitlán",NA,NA,"Tianguistengo","Manantial Chichitla","Presencia","Presencia","0.0","0.0","ND","0.0","0.0","0.0","0.0",0.02,"0.001","0.01","6.8","168.87","0.26","1.1","0.003","6.9","100.1","0.6","0.02","274.0","23.8"
2016,"Tezontepec de Aldama",NA,NA,"Tlahuelilpan","Pozo No. 3","Presencia","Presencia","0.0","0.0","ND","1.1","0.03","0.0","0.0",0.08,"0.002","0.0","53.4","322.22","0.53","2.9","0.005","7.16","297.0","118.0","0.0","940.0","20.8"
2016,"Tianguistengo","1306800450023800","Tlahuiltepa","Tlahuelilpan","Pozo La Cruz","Presencia","Presencia","0.0","0.0","ND","1.0","0.05","0.0","0.0",0.04,"0.001","0.0","75.0","225.25","0.8","2.9","0.007","7.35","220.0","125.0","0.0","935.0","21.9"
2016,"Tlahuelilpan",NA,NA,"Tlahuiltepa","Manantial El Chorro","Presencia","Presencia","0.0","0.0","ND","0.0","0.0","0.0","0.0",0.02,"0.0","0.0","2.0","226.66","0.15","3.8","0.001","7.08","200.0","2.0","0.01","278.0","26.4"
2016,"Tlahuelilpan",NA,NA,"Tlanchinol","Tanque Lindavista","Presencia","Ausencia","0.0","0.0","ND","0.19","0.0","0.0","0.0",0.29,"0.001","0.0","2.3","59.99","0.17","0.7","0.004","8.46","28.2","2.2","0.0","7.64","20.1"
2016,"Tlahuiltepa",NA,NA,"Tlanchinol","Manantial Xiloco","Presencia","Presencia","0.0","0.0","ND","0.0","0.02","0.0","0.0",0.04,"0.004","0.0","16.0","99.99","0.07","0.7","0.004","7.21","25.2","4.4","0.0","27.6","18.0"
2016,"Tlahuiltepa",NA,NA,"Tulancingo","Pozo Valle Verde","Presencia","Ausencia","0.0","0.0","ND","0.87","0.0","0.0","0.0",0.03,"0.005","0.0","8.0","151.1","0.57","0.4","0.0","7.25","150.0","3.0","0.0","342.0","24.0"
2016,"Tlanchinol",NA,NA,"Atlalco","Manantial Tepetzquintengo","Presencia","Presencia","0.0","0.0","ND","0.0","0.02","0.0","0.0",0.01,"0.001","0.07","17.7","125.25","0.32","0.0","0.003","6.82","326.0","28.0","0.03","571.0","25.4"
2016,"Tlanchinol",NA,NA,"Tulancingo","Pozo San Nicolás","Presencia","Ausencia","0.0","0.0","ND","0.67","0.0","0.0","0.01",0.02,"0.0","0.0","16.1","191.1","0.11","0.6","0.015","7.16","202.0","11.0","0.0","402.0","NR"
2016,"Tulancingo de Bravo",NA,NA,"Xochicoatlan","Manantial Tiapozco","Presencia","Ausencia","0.0","0.0","ND","0.01","0.0","0.0","0.0",0.04,"0.001","0.0","26.1","136.65","0.5","1.8","0.002","7.0","123.1","7.5","0.01","276.0","21.8"
2016,"Tulancingo de Bravo",NA,NA,"Xochitl","Manantial","Presencia","Presencia","0.0","0.0","ND","0.0","0.02","0.0","0.0",0.03,"0.006","0.0","19.6","141.11","0.26","0.0","0.006","6.62","323.0","32.0","0.17","585.0","25.7"
2016,"Xochiatipan",NA,NA,"Huitznopala","Manantial Huitznopala","Presencia","Presencia","0.0","0.0","ND","0.08","0.0","0.0","0.0",0.012,"0.001","0.01","61.2","224.24","0.3","0.6","0.0","7.46","266.0","4.2","0.02","431.0","34.0"
2016,"Xochiatipan",NA,NA,"Santa Teresa","Sistema de Agua ""Canal de Llamada""","Presencia","Presencia","0.0","0.0","ND","0.0","0.0","0.0","0.0",0,"0.004","0.01","34.0","211.11","0.0","0.4","0.0","7.36","298.2","3.3","0.02","309.0","34.6"
2016,"Xochiatipan",NA,NA,"Xochicoatlan","Manantial Huizizila","Presencia","Ausencia","0.0","0.0","ND","0.0","0.0","0.0","0.0",0.02,"0.002","0.0","26.7","224.44","0.4","0.1","0.001","6.7","138.0","8.9","0.0","276.0","23.4"
2016,"Xochicoatlán",NA,NA,"Zacualtipan","Manantial Cacala","Presencia","Ausencia","0.0","0.0","ND","0.02","0.01","0.0","0.0",0.03,"0.003","0.0","60.4","221.11","1.2","0.02","0.001","6.7","116.8","6.9","0.01","274.0","23.3"
2016,"Yahualica",NA,NA,"Xindho San Pedro","Pozo Xindho","Presencia","Ausencia","0.02","0.06","ND","0.4","0.2","0.0","0.01",0.05,"0.003","0.1","10.4","546.2","1.3","1.5","0.02","7.18","215.7","130.4","0.0","531.0","25.7"
2016,"Yahualica",NA,NA,"Xindho San Pedro","Pozo Xindho Guadalupe","Presencia","Ausencia","0.01","0.2","ND","0.3","0.0","0.0","0.01",0.09,"0.0","0.1","8.3","780.81","0.8","1.7","0.4","7.34","356.1","43.5","0.1","462.0","28.3"
2016,"Zacualtipán de Ángeles",NA,NA,"Doxhi","Pozo Rodolfo Trejo Martínez","Presencia","Ausencia","0.028","0.0","ND","0.35","0.0","0.0","0.01",0.14,"0.003","0.0","6.8","507.8","0.82","0.11","0.0","7.35","355.0","119.0","0.0","279.0","23.7"
2016,"Zimapán","1308400080084800","Boñhú","Bonhu","Pozo Minerva","Presencia","Presencia","0.027","0.0","ND","0.12","0.02","0.0","0.01",0.09,"0.004","0.0","15.5","314.14","0.42","0.0","0.0","7.05","353.0","136.0","0.0","278.0","22.1"
2016,"Zimapán","1308400080084800","Boñhú","Bonhu","Pozo Florencio Espino Trejo","Presencia","Ausencia","0.026","0.0","ND","0.44","0.003","0.0","0.01",0,"0.006","0.0","49.0","425.25","0.21","0.11","0.5","7.87","284.0","226.0","0.0","278.0","22.1"
2016,"Zimapán","1308400160116800","Coaxithi","Coaxithi","Manantial Coaxithi","Presencia","Presencia","0.029","0.0","ND","0.16","0.004","0.0","0.01",0.21,"0.006","0.0","12.4","346.66","0.22","2.1","0.017","8.22","387.0","155.0","0.0","266.0","22.6"
2017,"Apan","1300800170010800","El Tezoyo","Tezoyo","Pozo el Tezoyo","ND","ND","0.0","0.01","ND","0.08","0.06","0.1","0.0",0,"ND","ND","ND","ND","ND","ND","ND","ND","ND","ND","ND","ND","ND"
2017,"Atotonilco de Tula",NA,NA,"San Jose Bojay","Pozo San Jose","ND","ND","0.03","0.0","ND","0.16","0.02","0.0","ND",0.02,"ND","ND","ND","ND","ND","ND","ND","ND","ND","ND","ND","ND","ND"
2017,"Huejutla de Reyes","1302801160047800","Tezóhual","Tezohual","Pozo Tezohual","Presencia","Presencia","0.0","0.0","ND","0.21","0.0","0.0","0.0",0.07,"0.004","0.09","40.9","22.66","0.39","1.6","0.003","7.02","541.0","71.0","0.08","586.0","26.4"
2017,"Ixmiquilpan",NA,NA,"Santa Ana","Pozo el Progreso","Presencia","Presencia","0.0","0.0","ND","0.19","0.0","0.1","0.0",0,"0.028","0.0","36.7","219.9","0.04","1.2","0.002","6.77","762.0","40.0","0.19","ND","ND"
2017,"Metepec","1303500150018800","Peña Colorada","Pena Colorada","Pozo Peña Colorada","Presencia","Presencia","0.0","0.0","ND","0.44","0.0","0.1","0.0",0.02,"0.002","0.02","8.1","21.55","0.0","1.0","0.0","7.27","934.0","33.0","0.52","531.0","29.3"
2017,"Nopala de Villagrán","1304400240021800","El Pedregoso","El Pedregoso","Tanque el pedregoso","Presencia","Ausencia","0.001","0.0","ND","0.31","0.0","0.3","0.0",0,"0.002","0.03","3.6","44.4","0.2","1.5","0.006","7.37","57.1","5.0","0.0","36.3","NR"
2018,"Nopala de Villagrán","1304400240021800","El Pedregoso","El Pedregoso","Tanque El Pedregoso","Ausencia","Ausencia","0.0","0.0","0.0","0.43","0.1","0.0","0.0",0.2,"0.0","0.2","6.0","111.11","0.1","0.0","0.001","8.1","143.0","1.0","0.59","231.0","23.4"
2019,"Mixquiahuala de Juárez",NA,NA,"Mixquiahuala  (Donfhi)","Manantial Elevant","Presencia","Presencia","0.0","0.0","0.0","0.0","0.0","0.0","0.0",0,"0.002","0.08","20.7","68.88","0.1","1.3","0.1","7.5","57.9","18.0","0.03","136.1","18.1"
2019,"Mixquiahuala de Juárez",NA,NA,"Mixquiahuala  (La Pena)","Manantial La Cueva de la Peña","Presencia","Presencia","0.0","0.0","0.0","0.0","0.16","0.0","0.0",0.1,"0.002","0.11","17.8","160.66","7.0","6.1","0.2","7.07","789.0","48.0","0.3","1968.0","19.8"
2019,"Mixquiahuala de Juárez",NA,NA,"Mixquiahuala (Col. Taxhuada)","Pozo Taxhuada","Presencia","Ausencia","0.0","0.0","0.0","0.0","0.0","0.01","0.0",0.01,"0.001","0.04","26.5","135.55","0.35","0.1","0.001","7.2","311.0","80.0","0.04","687.1","19.8"
2019,"Nopala de Villagrán","1304400870036800","El Sauz","El Sauz","Pozo el Sauz","Presencia","Ausencia","0.0","0.0","0.0","0.7","0.0","0.0","0.0",0,"0.0","0.02","1.9","75.55","0.3","0.0","0.001","6.98","133.0","1.0","0.0","0.61","31.7"
2019,"Nopala de Villagrán","1304400730017800","Ojo de Agua","Ojo De Agua","Pozo Profundo San Sebastian","Presencia","Ausencia","0.0","0.0","0.0","0.5","0.05","0.0","0.0",0.04,"0.002","0.02","60.1","104.44","0.4","1.8","0.005","7.34","136.1","13.0","0.0","0.63","27.4"
2019,"San Agustín Tlaxiaca","1305200440038800","El Tepozán","Barrio El Tepozon","Carcamo de las Manzanas","Ausencia","Ausencia","0.0","0.1","0.0","0.3","0.25","0.13","0.0",0.7,"0.003","0.5","36.8","157.77","0.7","0.3","0.008","7.17","351.0","80.0","0.38","517.0","25.5"
2019,"San Agustín Tlaxiaca",NA,NA,"San Agustin Tlaxiaca  (Barrio Casa Grande)","Toma Domiciliaria (calle Nicolas Bravo)","Ausencia","Ausencia","0.0","0.0","0.0","0.1","0.13","0.11","0.0",0.2,"0.001","0.28","26.9","131.1","0.7","0.0","0.001","7.18","361.0","80.0","0.18","509.0","25.0"
2019,"San Agustín Tlaxiaca",NA,NA,"San Agustin Tlaxiaca (Barrio Casa Grande)","Toma Domiciliaria (calle Justo Sierra)","Ausencia","Ausencia","0.0","0.1","0.0","0.1","0.19","0.12","0.0",0.2,"0.002","0.25","27.3","155.55","0.9","0.2","2.0E-4","7.23","279.0","84.0","0.16","551.0","25.0"
2019,"San Agustín Tlaxiaca",NA,NA,"San Agustin Tlaxiaca (Mexiquito)","Toma Domociliaria (Red de Distribucion)","Ausencia","Ausencia","0.0","0.0","0.0","0.3","0.23","0.11","0.0",0.1,"0.001","0.34","27.5","137.77","0.7","0.2","0.002","7.14","344.0","84.0","0.09","53.6","22.8"
2019,"San Agustín Tlaxiaca",NA,NA,"San Agustin Tlaxiaca (Mexiquito)","Tanque de distribicion la Gloria","Ausencia","Ausencia","0.0","0.1","0.0","0.2","0.3","0.12","0.0",0.6,"0.003","0.28","29.3","144.44","0.9","0.27","0.009","7.27","278.0","80.0","0.22","505.0","24.0"
2019,"San Agustín Tlaxiaca",NA,NA,"San Agustin Tlaxiaca (Mexiquito)","Tanque Mexiquito","Ausencia","Ausencia","0.0","0.1","0.0","0.9","0.22","0.13","0.0",0.7,"0.002","0.37","26.8","137.77","0.7","1.1","0.001","7.18","340.0","80.0","0.28","538.0","25.4"
2019,"San Agustín Tlaxiaca",NA,NA,"San Agustin Tlaxiaca (Mexiquito)","Tanque Melchor Ocampo","Ausencia","Ausencia","0.0","0.2","0.0","0.7","0.23","0.11","0.0",0.2,"0.002","0.2","20.5","135.55","0.8","0.2","0.002","7.19","374.0","80.0","0.22","537.0","24.4"
2020,"Tecozautla",NA,NA,"Rancho Pathesito","Manantial Bomanxotha","Presencia","Presencia","0.0","0.0","0.0","1.27","0.02","0.0","0.0",0.02,"0.0","0.14","0.003","148.88","1.04","6.19","0.5","7.21","59.3","4.0","0.0","285.0","33.3"
2021,"Metztitlán","1303700710012800","Pie de la Cuesta","Pie De La Cuesta","Pozo Pie de La Cuesta","Presencia","Presencia","0.0","0.0","0.0","1.27","4.02","0.3","0.0",0,"0.015","0.61","37.0","391.1","0.0","0.9","1.1","6.48","265.0","111.0","0.61","1275.0","23.8"
2021,"San Agustín Metzquititlán",NA,NA,"San Bernardo","Manantial San Bernardo","Presencia","Presencia","0.0","0.0","0.0","0.32","0.03","0.0","0.0",0.02,"0.0","0.0","15.1","222.22","0.61","0.9","0.007","7.31","271.3","72.0","0.0","614.0","15.2"
2021,"San Agustín Tlaxiaca","1305200820019800","Los Garambullos","Rancho Los Garambullos","Pozo Los Garambullos","Presencia","ND","0.0","0.0","0.0","0.2","0.03","0.0","0.0",0.05,"0.003","0.11","76.1","157.77","0.5","0.1","0.0","6.83","307.0","80.0","0.0","981.0","31.0"
2021,"Tecozautla",NA,NA,"Ejido Tagui 3 (Localidad)","Pozo Tagui 3","Ausencia","Ausencia","0.0","0.0","0.0","0.0","0.0","0.0","0.0",0.05,"0.0","0.55","9.0","66.66","0.66","7.7","0.006","7.19","96.1","2.0","0.0","272.0","34.6"
2021,"Tepeji del Río de Ocampo",NA,NA,"Localidad El Eden","Pozo 2","Presencia","ND","0.0","0.0","0.0","1.18","0.05","0.02","0.0",0.07,"0.008","0.0","17.2","199.99","0.61","3.2","0.038","6.97","207.0","38.0","0.55","725.0","26.5"
2021,"Tepeji del Río de Ocampo",NA,NA,"Localidad El Eden","Pozo 1","Presencia","ND","0.0","0.0","0.0","0.51","0.0","0.06","0.0",0.01,"0.002","0.16","36.6","288.88","0.62","1.4","0.017","6.85","196.0","45.0","0.02","465.0","25.5"
2021,"Xochicoatlán",NA,NA,"Chacalapa","Manantial Chacalapa","Presencia","Presencia","0.0","0.0","0.0","0.1","0.01","0.0","0.0",0.05,"0.003","0.18","37.1","99.99","0.87","6.1","0.02","6.52","26.1","36.1","0.0","326.0","24.6"
2022,"Mineral del Chico","130380012001A800","Las Manzanas","Manzanas Iii","Manantial Manzanas I","Presencia","Presencia","0.01","0.1","0.089","2.32","4.14","0.9","0.025",0.18,"0.014","0.09","8.1","111.11","0.0","1.9","0.053","6.48","137.0","0.0","0.1","257.0","28.0"
2022,"Mineral del Chico","130380012001A800","Las Manzanas","Manzanas Iii","Manantial Manzanas I","Presencia","Presencia","0.01","0.1","0.089","2.32","4.14","0.9","0.025",0.18,"0.014","0.09","8.1","111.11","0.0","1.9","0.053","6.48","137.0","0.0","0.1","257.0","29.0"
2022,"Mineral del Chico","130380012001A800","Las Manzanas","Manzanas Iii","Manantial Manzanas II","Presencia","Presencia","0.0","0.0","0.034","0.12","0.04","0.01","0.022",0.04,"0.0","0.06","7.6","68.88","0.0","0.8","0.0","6.6","98.5","0.0","0.09","163.2","17.9"
2022,"Mineral del Chico","130380012001A800","Las Manzanas","Manzanas Iii","Manantial Manzanas II","Presencia","Presencia","0.0","0.0","0.034","0.12","0.04","0.01","0.022",0.04,"0.0","0.06","7.6","68.88","0.0","0.8","0.0","6.6","98.5","0.0","0.09","163.2","17.9"
2022,"San Felipe Orizatlán",NA,NA,"Manzanas Iii","Manantial Manzanas I","Presencia","Presencia","0.01","0.01","0.0089","2.32","4.14","0.9","0.025",0.18,"0.014","0.09","8.1","111.11","0.0","1.9","0.053","6.48","137.0","0.0","0.1","257.0","20.09"
2022,"Santiago Tulantepec de Lugo Guerrero",NA,NA,"Plan De Ayala","Venero Plan de Ayala","Presencia","Presencia","0.0","0.0","0.0","0.13","0.05","0.0","0.0",0.03,"0.0","0.06","43.1","104.44","0.26","0.9","0.007","6.96","16.0","4.0","0.02","564.0","NR"
2022,"Santiago Tulantepec de Lugo Guerrero",NA,NA,"Plan De Ayala","Venero Plan de Ayala","Presencia","Presencia","0.0","0.0","0.0","0.13","0.05","0.0","0.0",0.03,"0.0","0.06","104.44","0.26","0.26","0.9","0.007","6.96","16.0","4.0","0.02","564.0","21.6"
2023,"Ixmiquilpan",NA,NA,"Barrio Fitzhi","Pozo Fitzhi","Presencia","Ausencia","0.0","0.0","0.0","0.6","1.78","0.0","0.0",0.04,"0.003","0.15","95.6","235.55","0.27","0.6","0.004","6.88","794.0","120.0","0.0","1639.0","20.9"
2023,"Tecozautla",NA,NA,"Barrio Morales","Pozo Corrales","Presencia","Ausencia","0.0","0.0","0.0","1.09","0.0","0.0","0.0",0.04,"0.0","0.65","17.9","108.88","0.36","3.3","0.002","8.2","83.1","45.0","0.6","623.0","27.6"
2023,"Tecozautla",NA,NA,"Col. 20 De Noviembre","Pozo 20 de Noviembre","Presencia","Ausencia","0.0","0.0","0.0","1.07","0.0","0.0","0.0",0.07,"0.0","0.25","6.4","68.88","0.47","2.2","0.001","7.91","62.3","15.0","0.55","337.0","34.6"
